Policy,Expiry,Location,State,Region,InsuredValue,Construction,BusinessType,Earthquake,Flood
100242,02-Jan-21,Urban,NY,East,"16,17,630",Frame,Retail,N,N
100314,02-Jan-21,Urban,NY,East,"86,78,500",Fire Resist,Apartment,Y,Y
100359,02-Jan-21,Rural,WI,Midwest,"20,52,660",Frame,Farming,N,N
100315,03-Jan-21,Urban,NY,East,"1,75,80,000",Frame,Apartment,Y,Y
100385,03-Jan-21,Urban,NY,East,"19,25,000",Masonry,Hospitality,N,N
100388,04-Jan-21,Urban,IL,Midwest,"1,29,34,500",Frame,Apartment,Y,Y
100358,05-Jan-21,Urban,WI,Midwest,"9,28,300",Masonry,Office Bldg,N,N
100264,07-Jan-21,Rural,NY,East,"22,19,900",Frame,Farming,N,N
100265,07-Jan-21,Urban,NY,East,"1,41,00,000",Frame,Apartment,Y,Y
100357,08-Jan-21,Urban,NY,East,"47,62,808",Masonry,Other,Y,Y
100399,08-Jan-21,Urban,NY,East,"1,39,25,190",Frame,Apartment,Y,Y
100329,09-Jan-21,Urban,NY,East,"63,50,000",Frame,Apartment,Y,Y
100429,09-Jan-21,Urban,WI,Midwest,"40,36,000",Masonry,Medical,Y,Y
100441,10-Jan-21,Urban,NJ,East,"4,72,800",Masonry,Retail,Y,Y
100442,10-Jan-21,Urban,WI,Midwest,"1,17,10,880",Masonry,Apartment,Y,Y
100372,12-Jan-21,Urban,NY,East,"13,70,300",Frame,Apartment,Y,Y
100281,13-Jan-21,Rural,WI,Midwest,"14,32,835",Frame,Farming,N,N
100280,15-Jan-21,Urban,NY,East,"82,000",Masonry,Organization,Y,Y
100424,16-Jan-21,Urban,NY,East,"1,92,000",Masonry,Retail,N,N
100425,16-Jan-21,Urban,NY,East,"49,50,000",Frame,Office Bldg,Y,Y
100426,16-Jan-21,Urban,VT,Northeast,"24,32,875",Fire Resist,Apartment,N,N
100252,17-Jan-21,Urban,OH,Central,"15,29,600",Masonry,Apartment,N,N
100279,18-Jan-21,Urban,NY,East,"76,77,000",Frame,Apartment,Y,Y
100292,18-Jan-21,Urban,NY,East,"1,37,50,000",Frame,Apartment,Y,Y
100398,18-Jan-21,Rural,NY,East,"25,29,400",Frame,Farming,N,N
100382,19-Jan-21,Urban,NJ,East,"23,28,650",Frame,Organization,N,N
100461,20-Jan-21,Urban,WI,Midwest,"43,80,200",Masonry,Office Bldg,Y,Y
100263,22-Jan-21,Urban,NJ,East,"28,15,000",Metal Clad,Apartment,Y,Y
100453,22-Jan-21,Urban,NY,East,"11,77,700",Frame,Hospitality,N,N
100381,23-Jan-21,Urban,VT,Northeast,"72,03,500",Frame,Office Bldg,Y,Y
100275,25-Jan-21,Urban,WI,Midwest,"5,34,10,614",Frame,Construction,Y,Y
100277,25-Jan-21,Urban,NJ,East,"31,89,300",Masonry,Service,Y,Y
100312,25-Jan-21,Rural,IL,Midwest,"31,45,700",Frame,Education,N,N
100327,25-Jan-21,Urban,WI,Midwest,"14,51,100",Frame,Recreation,N,N
100326,26-Jan-21,Urban,OH,Central,"17,87,900",Frame,Office Bldg,N,N
100379,26-Jan-21,Urban,NY,East,"1,87,77,355",Frame,Apartment,Y,Y
100310,28-Jan-21,Urban,WI,Midwest,"88,00,000",Fire Resist,Office Bldg,Y,Y
100341,28-Jan-21,Urban,NY,East,"11,23,000",Frame,Office Bldg,Y,Y
100289,29-Jan-21,Rural,NY,East,"21,45,420",Frame,Farming,N,N
100290,29-Jan-21,Urban,NY,East,"1,89,33,000",Frame,Office Bldg,Y,Y
100291,29-Jan-21,Urban,NY,East,"2,14,00,000",Fire Resist,Apartment,Y,Y
100340,30-Jan-21,Urban,NY,East,"37,54,000",Frame,Office Bldg,Y,Y
100415,31-Jan-21,Urban,NY,East,"96,50,000",Frame,Office Bldg,Y,Y
100421,31-Jan-21,Urban,NY,East,"95,03,000",Frame,Office Bldg,Y,Y
100304,01-Feb-21,Urban,NJ,East,"16,88,300",Frame,Hospitality,N,Y
100414,02-Feb-21,Urban,WI,Midwest,"1,78,56,705",Masonry,Apartment,Y,Y
100420,02-Feb-21,Urban,NY,East,"75,77,000",Frame,Apartment,Y,Y
100481,02-Feb-21,Urban,WI,Midwest,"19,90,915",Masonry,Office Bldg,N,N
100352,03-Feb-21,Urban,NJ,East,"12,45,000",Frame,Hospitality,Y,Y
100496,04-Feb-21,Urban,IL,Midwest,"18,95,000",Masonry,Office Bldg,N,N
100309,05-Feb-21,Urban,WI,Midwest,"50,00,368",Masonry,Manufacturing,N,N
100413,05-Feb-21,Urban,NY,East,"83,97,700",Frame,Apartment,Y,Y
100498,06-Feb-21,Urban,NJ,East,"3,63,56,000",Fire Resist,Apartment,Y,Y
100499,07-Feb-21,Urban,NJ,East,"1,69,32,600",Fire Resist,Apartment,Y,Y
100509,07-Feb-21,Urban,OH,Central,"18,49,000",Metal Clad,Retail,N,N
100371,08-Feb-21,Urban,OH,Central,"2,18,490",Frame,Apartment,N,N
100412,08-Feb-21,Urban,NJ,East,"30,52,600",Frame,Apartment,Y,N
100370,09-Feb-21,Urban,WI,Midwest,"81,26,500",Masonry,Organization,Y,Y
100377,09-Feb-21,Urban,NY,East,"1,14,00,000",Masonry,Apartment,Y,Y
100452,09-Feb-21,Urban,NJ,East,"59,18,400",Frame,Farming,Y,N
100459,09-Feb-21,Rural,NY,East,"25,50,750",Frame,Farming,N,N
100325,13-Feb-21,Urban,NY,East,"1,40,000",Masonry,Retail,N,N
100419,13-Feb-21,Urban,NY,East,"7,25,000",Masonry,Service,N,N
100512,13-Feb-21,Urban,NY,East,"1,00,98,900",Frame,Office Bldg,Y,Y
100513,13-Feb-21,Rural,NY,East,"29,37,200",Frame,Farming,N,N
100514,13-Feb-21,Urban,NJ,East,"36,44,800",Frame,Apartment,Y,Y
100471,15-Feb-21,Urban,NY,East,"1,38,82,500",Frame,Apartment,Y,Y
100396,16-Feb-21,Rural,NY,East,"20,50,000",Frame,Farming,N,N
100436,17-Feb-21,Rural,NY,East,"38,05,200",Metal Clad,Farming,N,N
100492,18-Feb-21,Rural,NY,East,"14,17,800",Frame,Organization,N,N
100494,18-Feb-21,Rural,WI,Midwest,"56,13,900",Masonry,Farming,N,N
100493,19-Feb-21,Urban,NJ,East,"24,71,100",Frame,Farming,N,N
100351,20-Feb-21,Rural,VT,Northeast,"29,85,950",Frame,Farming,N,N
100411,20-Feb-21,Urban,WI,Midwest,"90,62,700",Fire Resist,Hospitality,N,N
100469,21-Feb-21,Urban,NY,East,"73,50,000",Frame,Apartment,Y,Y
100418,22-Feb-21,Urban,NJ,East,"13,00,900",Masonry,Office Bldg,N,N
100511,22-Feb-21,Urban,NY,East,"1,27,50,000",Frame,Apartment,Y,Y
100536,22-Feb-21,Urban,NY,East,"75,85,000",Fire Resist,Office Bldg,Y,Y
100537,22-Feb-21,Urban,NY,East,"94,93,313",Masonry,Apartment,Y,Y
100394,23-Feb-21,Urban,NY,East,"1,03,02,000",Fire Resist,Office Bldg,Y,Y
100367,24-Feb-21,Urban,NH,Northeast,"25,00,000",Metal Clad,Manufacturing,N,N
100408,24-Feb-21,Urban,WI,Midwest,"48,33,900",Masonry,Office Bldg,N,N
100410,24-Feb-21,Urban,NY,East,"20,29,500",Metal Clad,Apartment,Y,Y
100369,25-Feb-21,Rural,NY,East,"22,33,200",Frame,Farming,N,N
100409,25-Feb-21,Urban,NY,East,"20,01,250",Frame,Office Bldg,Y,Y
100546,27-Feb-21,Rural,NY,East,"14,98,850",Metal Clad,Farming,N,N
100434,01-Mar-21,Urban,NJ,East,"4,05,556",Frame,Apartment,Y,N
100523,01-Mar-21,Urban,NY,East,"13,11,220",Frame,Apartment,N,N
100433,02-Mar-21,Urban,NY,East,"17,69,785",Frame,Hospitality,Y,Y
100566,02-Mar-21,Urban,OH,Central,"53,77,000",Frame,Apartment,Y,Y
100522,05-Mar-21,Rural,NY,East,"15,99,860",Frame,Farming,N,N
100457,06-Mar-21,Urban,NY,East,"1,07,80,450",Frame,Apartment,Y,Y
100521,06-Mar-21,Urban,NJ,East,"38,39,200",Masonry,Apartment,N,N
100532,07-Mar-21,Urban,NJ,East,"2,96,000",Frame,Apartment,N,N
100533,07-Mar-21,Rural,WI,Midwest,"27,07,630",Frame,Farming,N,N
100467,08-Mar-21,Urban,NJ,East,"22,49,500",Frame,Farming,N,N
100583,08-Mar-21,Urban,NY,East,"76,11,000",Masonry,Office Bldg,Y,Y
100404,09-Mar-21,Rural,WI,Midwest,"11,52,600",Frame,Farming,N,N
100554,09-Mar-21,Urban,NJ,East,"91,15,500",Frame,Apartment,Y,Y
100446,11-Mar-21,Urban,NY,East,"16,00,000",Masonry,Hospitality,Y,Y
100465,12-Mar-21,Urban,NJ,East,"25,75,965",Frame,Farming,Y,N
100490,12-Mar-21,Urban,NY,East,"2,20,000",Metal Clad,Hospitality,N,N
100456,14-Mar-21,Urban,NY,East,"18,00,000",Frame,Apartment,Y,Y
100489,14-Mar-21,Urban,NJ,East,"1,69,98,000",Frame,Office Bldg,Y,Y
100545,14-Mar-21,Urban,NY,East,"1,44,50,000",Frame,Office Bldg,Y,Y
100543,15-Mar-21,Urban,NY,East,"28,35,800",Metal Clad,Manufacturing,N,N
100564,15-Mar-21,Urban,WI,Midwest,"22,80,000",Frame,Hospitality,Y,Y
100430,17-Mar-21,Urban,NJ,East,"39,60,000",Frame,Office Bldg,Y,Y
100477,17-Mar-21,Urban,VT,Northeast,"52,72,975",Frame,Apartment,Y,Y
100478,17-Mar-21,Urban,VT,Northeast,"63,54,220",Frame,Apartment,Y,Y
100444,21-Mar-21,Urban,NY,East,"88,92,200",Masonry,Apartment,Y,Y
100582,22-Mar-21,Urban,NJ,East,"46,51,680",Frame,Apartment,Y,Y
100487,23-Mar-21,Urban,NY,East,"59,90,067",Frame,Apartment,N,N
100519,25-Mar-21,Rural,NY,East,"41,02,500",Frame,Farming,N,N
100462,26-Mar-21,Urban,NY,East,"34,00,000",Frame,Construction,Y,Y
100486,26-Mar-21,Urban,NY,East,"99,73,900",Frame,Apartment,Y,Y
100463,27-Mar-21,Urban,NY,East,"1,54,80,000",Frame,Office Bldg,Y,Y
100595,27-Mar-21,Rural,NY,East,"24,46,600",Frame,Farming,N,N
100617,27-Mar-21,Urban,VT,Northeast,"88,61,500",Frame,Office Bldg,N,N
100580,30-Mar-21,Urban,NH,Northeast,"97,920",Frame,Office Bldg,Y,Y
100581,30-Mar-21,Urban,NY,East,"51,50,000",Frame,Apartment,Y,Y
100475,31-Mar-21,Rural,WI,Midwest,"14,51,662",Masonry,Farming,N,N
100503,31-Mar-21,Urban,NJ,East,"17,61,960",Masonry,Office Bldg,N,N
100504,31-Mar-21,Rural,NY,East,"16,49,105",Frame,Farming,N,N
100616,31-Mar-21,Urban,NY,East,"23,29,500",Frame,Apartment,N,N
100614,03-Apr-21,Urban,NY,East,"7,21,500",Frame,Apartment,Y,Y
100529,05-Apr-21,Urban,NJ,East,"24,55,000",Frame,Apartment,Y,Y
100551,06-Apr-21,Urban,NJ,East,"33,63,463",Frame,Farming,Y,N
100501,07-Apr-21,Rural,WI,Midwest,"15,68,100",Frame,Farming,N,N
100516,07-Apr-21,Urban,WI,Midwest,"20,63,960",Masonry,Organization,N,N
100542,07-Apr-21,Urban,VT,Northeast,"18,06,500",Frame,Apartment,N,Y
100625,07-Apr-21,Urban,NY,East,"4,98,37,500",Fire Resist,Apartment,Y,Y
100540,09-Apr-21,Rural,NY,East,"22,44,800",Frame,Farming,N,N
100663,10-Apr-21,Urban,NJ,East,"1,03,46,950",Frame,Office Bldg,N,Y
100539,11-Apr-21,Urban,NJ,East,"81,50,000",Frame,Apartment,N,Y
100642,11-Apr-21,Urban,NY,East,"16,97,200",Frame,Other,N,N
100549,15-Apr-21,Urban,VT,Northeast,"33,34,353",Metal Clad,Farming,Y,Y
100680,15-Apr-21,Rural,WI,Midwest,"60,20,060",Masonry,Farming,N,N
100560,16-Apr-21,Urban,NY,East,"13,81,370",Frame,Organization,N,N
100629,16-Apr-21,Urban,NY,East,"24,42,400",Frame,Retail,N,N
100631,16-Apr-21,Urban,NJ,East,"41,93,603",Frame,Farming,Y,N
100572,17-Apr-21,Rural,WI,Midwest,"37,25,520",Masonry,Farming,N,N
100630,17-Apr-21,Urban,NY,East,"73,94,300",Frame,Apartment,Y,Y
100637,17-Apr-21,Urban,NY,East,"24,02,500",Frame,Apartment,Y,Y
100659,17-Apr-21,Urban,NJ,East,"16,93,000",Frame,Farming,Y,N
100527,18-Apr-21,Urban,NJ,East,"91,48,076",Frame,Manufacturing,Y,Y
100638,18-Apr-21,Urban,NJ,East,"39,50,000",Frame,Apartment,Y,Y
100679,18-Apr-21,Urban,NJ,East,"1,41,83,900",Frame,Apartment,Y,Y
100678,21-Apr-21,Urban,WI,Midwest,"3,52,45,000",Masonry,Apartment,Y,Y
100570,22-Apr-21,Urban,WI,Midwest,"2,94,700",Masonry,Office Bldg,N,N
100578,25-Apr-21,Urban,OH,Central,"44,88,000",Frame,Apartment,N,N
100611,25-Apr-21,Urban,NJ,East,"15,95,500",Frame,Office Bldg,Y,Y
100621,25-Apr-21,Urban,MI,Central,"3,94,220",Frame,Retail,N,N
100622,25-Apr-21,Urban,WI,Midwest,"7,23,900",Fire Resist,Office Bldg,Y,Y
100623,25-Apr-21,Rural,NY,East,"20,06,700",Frame,Farming,N,N
100604,26-Apr-21,Urban,WI,Midwest,"9,79,572",Frame,Retail,N,N
100610,27-Apr-21,Urban,NY,East,"50,86,300",Frame,Office Bldg,Y,Y
100591,29-Apr-21,Rural,NY,East,"43,53,100",Frame,Farming,N,N
100557,30-Apr-21,Urban,NY,East,"20,56,700",Frame,Other,Y,Y
100636,30-Apr-21,Urban,IL,Midwest,"48,86,675",Masonry,Apartment,N,N
100628,01-May-21,Rural,NY,East,"19,73,200",Frame,Farming,N,N
100650,02-May-21,Urban,NY,East,"41,56,000",Masonry,Hospitality,Y,Y
100651,02-May-21,Urban,NJ,East,"10,45,000",Frame,Apartment,Y,N
100569,03-May-21,Urban,NY,East,"8,00,000",Frame,Construction,N,N
100609,03-May-21,Urban,NJ,East,"44,83,000",Frame,Office Bldg,Y,Y
100649,04-May-21,Rural,NY,East,"30,74,775",Frame,Farming,N,N
100656,06-May-21,Urban,MN,Midwest,"18,34,200",Frame,Hospitality,Y,Y
100677,06-May-21,Urban,NY,East,"1,33,70,000",Frame,Apartment,Y,Y
100704,06-May-21,Urban,NJ,East,"1,44,74,600",Fire Resist,Apartment,Y,Y
100713,06-May-21,Rural,WI,Midwest,"21,03,390",Masonry,Farming,N,N
100584,07-May-21,Urban,WI,Midwest,"77,50,100",Masonry,Other,N,N
100674,07-May-21,Urban,NY,East,"92,50,000",Frame,Office Bldg,Y,Y
100589,08-May-21,Rural,WI,Midwest,"28,67,650",Frame,Farming,N,N
100590,08-May-21,Rural,WI,Midwest,"27,98,650",Masonry,Farming,N,N
100675,08-May-21,Urban,NY,East,"24,68,300",Frame,Apartment,Y,Y
100648,09-May-21,Urban,NY,East,"2,70,000",Masonry,Retail,N,N
100683,09-May-21,Urban,NJ,East,"13,74,100",Masonry,Office Bldg,Y,Y
100647,10-May-21,Urban,WI,Midwest,"40,77,100",Masonry,Apartment,Y,Y
100602,11-May-21,Rural,NY,East,"16,51,300",Frame,Farming,N,N
100672,11-May-21,Urban,VT,Northeast,"27,85,000",Frame,Organization,N,N
100600,12-May-21,Urban,WI,Midwest,"30,86,048",Frame,Hospitality,Y,Y
100655,12-May-21,Urban,NY,East,"19,74,300",Masonry,Organization,Y,Y
100671,12-May-21,Rural,NY,East,"36,60,780",Frame,Farming,N,N
100646,13-May-21,Urban,NY,East,"25,50,000",Frame,Apartment,Y,Y
100618,14-May-21,Urban,NY,East,"27,30,000",Metal Clad,Hospitality,Y,Y
100681,14-May-21,Urban,NY,East,"9,63,100",Metal Clad,Apartment,Y,Y
100619,15-May-21,Rural,NY,East,"14,19,500",Frame,Farming,N,N
100627,16-May-21,Urban,NY,East,"27,58,482",Fire Resist,Apartment,Y,Y
100670,16-May-21,Urban,OH,Central,"6,61,900",Frame,Apartment,N,N
100689,16-May-21,Urban,NY,East,"1,94,51,600",Frame,Office Bldg,Y,Y
100726,16-May-21,Urban,NY,East,"12,92,345",Frame,Office Bldg,N,N
100702,17-May-21,Urban,VT,Northeast,"97,02,682",Frame,Apartment,N,N
100703,17-May-21,Urban,NJ,East,"1,01,98,700",Fire Resist,Office Bldg,Y,Y
100635,18-May-21,Urban,MI,Central,"7,14,000",Frame,Apartment,N,N
100736,18-May-21,Rural,VT,Northeast,"20,99,525",Frame,Farming,N,N
100737,18-May-21,Urban,NJ,East,"1,62,00,000",Frame,Office Bldg,Y,Y
100644,19-May-21,Urban,NY,East,"25,70,600",Masonry,Office Bldg,Y,Y
100643,20-May-21,Urban,NY,East,"12,80,000",Fire Resist,Hospitality,Y,Y
100698,20-May-21,Urban,NY,East,"2,05,000",Fire Resist,Retail,N,N
100652,21-May-21,Urban,OH,Central,"17,60,800",Frame,Apartment,N,N
100653,21-May-21,Urban,NJ,East,"28,12,559",Frame,Farming,N,N
100705,21-May-21,Rural,NY,East,"39,43,000",Frame,Farming,N,N
100718,21-May-21,Urban,NY,East,"31,07,790",Masonry,Office Bldg,N,Y
100744,21-May-21,Urban,NY,East,"94,48,200",Frame,Apartment,Y,Y
100709,22-May-21,Rural,MI,Central,"1,06,17,800",Frame,Manufacturing,Y,Y
100749,22-May-21,Urban,NY,East,"8,47,300",Frame,Apartment,Y,Y
100751,22-May-21,Urban,NJ,East,"4,00,000",Masonry,Office Bldg,N,Y
100752,22-May-21,Urban,NY,East,"3,63,200",Frame,Office Bldg,N,Y
100696,23-May-21,Urban,IL,Midwest,"29,22,600",Masonry,Apartment,Y,Y
100742,23-May-21,Urban,WI,Midwest,"5,00,500",Masonry,Apartment,Y,Y
100666,24-May-21,Rural,NY,East,"19,27,450",Frame,Farming,N,N
100667,25-May-21,Rural,NY,East,"26,60,299",Frame,Farming,N,N
100740,25-May-21,Urban,WI,Midwest,"39,80,100",Masonry,Apartment,N,N
100757,25-May-21,Urban,WI,Midwest,"29,87,000",Masonry,Apartment,Y,Y
100750,27-May-21,Urban,VT,Northeast,"1,64,29,900",Frame,Apartment,Y,Y
100756,27-May-21,Urban,NY,East,"1,69,50,000",Frame,Apartment,Y,Y
100754,29-May-21,Urban,NY,East,"3,69,09,180",Metal Clad,Manufacturing,Y,Y
100764,29-May-21,Urban,NY,East,"96,00,000",Frame,Office Bldg,Y,N
100724,30-May-21,Urban,NY,East,"2,20,50,000",Frame,Office Bldg,Y,Y
100686,01-Jun-21,Urban,NY,East,"38,50,000",Frame,Construction,N,Y
100761,02-Jun-21,Urban,VT,Northeast,"1,35,14,081",Frame,Recreation,Y,Y
100695,03-Jun-21,Urban,NY,East,"20,00,000",Frame,Hospitality,Y,Y
100727,03-Jun-21,Rural,WI,Midwest,"16,58,765",Masonry,Farming,N,N
100777,03-Jun-21,Urban,OH,Central,"82,72,853",Masonry,Apartment,N,N
100774,04-Jun-21,Urban,NY,East,"67,50,000",Frame,Apartment,Y,Y
100720,05-Jun-21,Urban,IL,Midwest,"78,28,000",Masonry,Office Bldg,N,Y
100723,05-Jun-21,Urban,NJ,East,"3,73,500",Frame,Office Bldg,N,N
100759,05-Jun-21,Urban,NY,East,"1,70,50,000",Frame,Office Bldg,Y,Y
100722,06-Jun-21,Rural,NY,East,"19,58,400",Frame,Farming,N,N
100731,06-Jun-21,Urban,NY,East,"1,77,46,832",Masonry,Apartment,Y,Y
100755,06-Jun-21,Urban,WI,Midwest,"60,40,300",Masonry,Apartment,Y,N
100745,07-Jun-21,Rural,WI,Midwest,"22,24,219",Frame,Farming,N,N
100746,07-Jun-21,Urban,NY,East,"8,47,300",Frame,Office Bldg,Y,Y
100747,07-Jun-21,Urban,WI,Midwest,"7,82,428",Masonry,Apartment,N,N
100780,08-Jun-21,Urban,NJ,East,"2,99,400",Frame,Office Bldg,Y,N
100760,09-Jun-21,Urban,WI,Midwest,"13,97,100",Masonry,Office Bldg,Y,Y
100781,09-Jun-21,Urban,NY,East,"17,14,835",Frame,Apartment,N,N
100783,09-Jun-21,Urban,MI,Central,"19,91,600",Frame,Organization,N,N
100768,10-Jun-21,Urban,WI,Midwest,"37,01,573",Frame,Farming,N,N
100769,10-Jun-21,Urban,NJ,East,"54,60,000",Frame,Apartment,Y,Y
100775,10-Jun-21,Rural,NY,East,"31,36,600",Frame,Farming,N,N
100773,11-Jun-21,Urban,NY,East,"17,80,000",Frame,Hospitality,Y,Y
100789,26-Aug-21,Urban,NY,East,"2,30,000",Frame,Manufacturing,Y,Y
100790,26-Aug-21,Urban,NJ,East,"14,63,800",Frame,Farming,Y,N
100792,26-Aug-21,Rural,VT,Northeast,"35,79,800",Metal Clad,Farming,N,N
100793,27-Aug-21,Urban,NY,East,"12,75,600",Frame,Apartment,N,Y
100797,29-Aug-21,Rural,NY,East,"57,81,710",Frame,Farming,N,N
100799,30-Aug-21,Urban,NH,Northeast,"3,20,000",Masonry,Retail,N,N
100800,30-Aug-21,Urban,NY,East,"13,79,400",Frame,Apartment,N,N
100801,31-Aug-21,Rural,WI,Midwest,"63,85,452",Frame,Farming,Y,N
100803,31-Aug-21,Urban,WI,Midwest,"46,71,000",Masonry,Apartment,Y,Y
100805,01-Sep-21,Rural,NY,East,"1,99,000",Frame,Retail,N,N
100808,02-Sep-21,Urban,WI,Midwest,"21,00,000",Frame,Apartment,N,N
100810,02-Sep-21,Urban,NY,East,"18,75,000",Masonry,Hospitality,Y,Y
100811,02-Sep-21,Rural,WI,Midwest,"22,01,500",Frame,Farming,N,N
100813,02-Sep-21,Urban,NY,East,"19,86,100",Frame,Apartment,N,N
100814,02-Sep-21,Urban,WI,Midwest,"1,05,000",Masonry,Other,N,N
100817,03-Sep-21,Urban,NJ,East,"37,00,000",Masonry,Office Bldg,Y,Y
100818,03-Sep-21,Urban,IL,Midwest,"2,91,28,000",Fire Resist,Apartment,Y,Y
100819,05-Sep-21,Urban,VT,Northeast,"1,07,00,000",Frame,Hospitality,Y,Y
100821,05-Sep-21,Rural,WI,Midwest,"17,78,600",Frame,Farming,N,N
100822,06-Sep-21,Rural,NY,East,"38,66,420",Frame,Farming,N,N
100823,06-Sep-21,Urban,NY,East,"10,37,500",Frame,Manufacturing,N,N
100824,07-Sep-21,Rural,NY,East,"24,80,800",Frame,Farming,N,N
100825,07-Sep-21,Urban,WI,Midwest,"5,78,400",Masonry,Office Bldg,N,N
100826,07-Sep-21,Urban,NY,East,"31,78,400",Frame,Office Bldg,Y,Y
100828,09-Sep-21,Urban,ME,Northeast,"71,50,000",Masonry,Apartment,Y,Y
100831,10-Sep-21,Urban,NJ,East,"16,04,800",Frame,Hospitality,Y,Y
100832,10-Sep-21,Urban,NY,East,"1,82,75,350",Frame,Office Bldg,Y,Y
100834,11-Sep-21,Urban,NY,East,"7,10,400",Masonry,Office Bldg,N,N
100836,11-Sep-21,Urban,WI,Midwest,"22,05,950",Masonry,Apartment,N,N
100837,11-Sep-21,Urban,WI,Midwest,"81,66,050",Fire Resist,Apartment,N,Y
100838,11-Sep-21,Urban,WI,Midwest,"32,22,081",Masonry,Farming,N,N
100839,13-Sep-21,Urban,NJ,East,"3,71,600",Frame,Hospitality,Y,N
100844,15-Sep-21,Urban,WI,Midwest,"13,65,000",Masonry,Hospitality,Y,Y
100845,15-Sep-21,Urban,NY,East,"2,40,00,000",Frame,Apartment,Y,Y
100846,15-Sep-21,Urban,NY,East,"77,00,000",Fire Resist,Construction,Y,Y
100850,16-Sep-21,Urban,IL,Midwest,"45,78,800",Frame,Farming,N,N
100854,21-Sep-21,Rural,VT,Northeast,"24,77,200",Frame,Farming,N,N
100856,22-Sep-21,Urban,NJ,East,"34,32,600",Frame,Office Bldg,Y,Y
100857,23-Sep-21,Rural,IL,Midwest,"1,72,100",Frame,Farming,N,N
100859,23-Sep-21,Urban,NY,East,"1,11,47,050",Fire Resist,Apartment,Y,Y
100861,23-Sep-21,Urban,NY,East,"20,07,000",Frame,Office Bldg,Y,Y
100863,24-Sep-21,Urban,NY,East,"94,04,500",Frame,Apartment,Y,Y
100864,24-Sep-21,Urban,NY,East,"50,56,900",Fire Resist,Apartment,Y,Y
100868,26-Sep-21,Urban,WI,Midwest,"45,77,032",Frame,Farming,N,N
100869,26-Sep-21,Urban,NY,East,"9,53,100",Metal Clad,Office Bldg,N,N
100870,27-Sep-21,Rural,NY,East,"25,62,500",Fire Resist,Manufacturing,N,N
100872,28-Sep-21,Urban,NY,East,"69,08,000",Frame,Office Bldg,Y,Y
100873,29-Sep-21,Urban,VT,Northeast,"15,88,100",Masonry,Recreation,N,N
100874,30-Sep-21,Urban,NY,East,"3,11,200",Frame,Apartment,N,N
100875,01-Oct-21,Urban,NY,East,"1,48,50,000",Frame,Office Bldg,Y,Y
100876,01-Oct-21,Urban,NY,East,"15,57,500",Frame,Office Bldg,N,Y
100878,01-Oct-21,Urban,NY,East,"42,67,000",Frame,Office Bldg,Y,Y
100882,03-Oct-21,Urban,IL,Midwest,"17,02,350",Frame,Apartment,N,N
100883,04-Oct-21,Urban,NY,East,"2,80,600",Frame,Office Bldg,N,N
100885,04-Oct-21,Urban,WI,Midwest,"20,25,100",Masonry,Office Bldg,N,N
100886,04-Oct-21,Urban,NY,East,"67,48,000",Frame,Apartment,Y,Y
100887,05-Oct-21,Urban,WI,Midwest,"20,67,500",Fire Resist,Service,Y,Y
100889,05-Oct-21,Urban,NY,East,"32,35,700",Frame,Apartment,Y,Y
100894,07-Oct-21,Urban,NY,East,"23,56,100",Frame,Hospitality,Y,Y
100895,07-Oct-21,Urban,NY,East,"79,32,500",Frame,Apartment,Y,Y
100898,10-Oct-21,Urban,NY,East,"18,51,125",Frame,Office Bldg,N,N
100900,11-Oct-21,Urban,NY,East,"83,45,500",Frame,Apartment,Y,Y
100901,11-Oct-21,Urban,NY,East,"24,00,000",Frame,Construction,Y,Y
100903,12-Oct-21,Urban,WI,Midwest,"16,75,000",Frame,Hospitality,Y,Y
100904,13-Oct-21,Urban,NH,Northeast,"1,45,680",Frame,Office Bldg,N,N
100908,14-Oct-21,Urban,NY,East,"1,39,00,000",Frame,Office Bldg,Y,Y
100909,14-Oct-21,Urban,NY,East,"1,35,75,000",Frame,Office Bldg,Y,Y
100910,14-Oct-21,Urban,NY,East,"59,50,500",Metal Clad,Office Bldg,Y,Y
100912,15-Oct-21,Urban,OH,Central,"15,69,440",Masonry,Organization,N,N
100215,17-Oct-21,Urban,NY,East,"21,31,900",Masonry,Retail,N,N
100914,17-Oct-21,Urban,WI,Midwest,"6,31,410",Frame,Farming,N,N
100916,18-Oct-21,Urban,NY,East,"18,56,637",Masonry,Hospitality,Y,Y
100919,20-Oct-21,Urban,WI,Midwest,"23,21,900",Frame,Manufacturing,N,N
100920,20-Oct-21,Urban,NJ,East,"47,26,686",Frame,Farming,Y,N
100228,21-Oct-21,Urban,ME,Northeast,"14,44,255",Frame,Organization,N,N
100923,21-Oct-21,Urban,NY,East,"18,30,900",Frame,Office Bldg,N,N
100927,22-Oct-21,Urban,VT,Northeast,"13,25,200",Frame,Organization,N,N
100928,22-Oct-21,Urban,NY,East,"12,67,625",Frame,Office Bldg,N,N
100929,22-Oct-21,Rural,NY,East,"34,09,000",Metal Clad,Farming,N,N
100214,23-Oct-21,Urban,NY,East,"3,32,50,000",Frame,Apartment,Y,Y
100932,23-Oct-21,Urban,NJ,East,"3,20,100",Frame,Apartment,N,N
100933,23-Oct-21,Urban,WI,Midwest,"2,75,000",Masonry,Apartment,N,N
100934,24-Oct-21,Urban,WI,Midwest,"15,19,100",Masonry,Apartment,N,N
100936,26-Oct-21,Rural,IL,Midwest,"21,82,250",Frame,Farming,N,N
100250,27-Oct-21,Rural,WI,Midwest,"43,28,620",Frame,Farming,N,N
100939,27-Oct-21,Urban,NJ,East,"18,40,000",Masonry,Apartment,N,N
100940,28-Oct-21,Urban,NY,East,"2,12,50,000",Frame,Office Bldg,Y,Y
100941,28-Oct-21,Rural,NY,East,"25,34,633",Frame,Farming,N,N
100942,28-Oct-21,Urban,NY,East,"24,94,300",Frame,Apartment,Y,Y
100943,28-Oct-21,Urban,NY,East,"25,62,500",Frame,Apartment,Y,Y
100227,29-Oct-21,Urban,WI,Midwest,"6,85,000",Masonry,Hospitality,Y,Y
100945,29-Oct-21,Urban,NY,East,"5,03,000",Masonry,Hospitality,N,Y
100947,29-Oct-21,Urban,NY,East,"1,02,59,600",Frame,Apartment,Y,Y
100226,30-Oct-21,Urban,NY,East,"37,98,400",Metal Clad,Office Bldg,Y,Y
100948,30-Oct-21,Urban,NJ,East,"22,69,865",Masonry,Retail,Y,Y
100950,31-Oct-21,Urban,NY,East,"23,63,700",Frame,Farming,N,N
100249,01-Nov-21,Urban,WI,Midwest,"19,60,200",Masonry,Farming,N,N
100952,01-Nov-21,Urban,IL,Midwest,"1,68,33,800",Fire Resist,Apartment,Y,Y
100953,01-Nov-21,Rural,NY,East,"41,27,900",Metal Clad,Farming,N,N
100955,03-Nov-21,Urban,NJ,East,"27,53,500",Masonry,Office Bldg,Y,Y
100287,04-Nov-21,Urban,NY,East,"1,05,18,041",Frame,Office Bldg,Y,Y
100956,04-Nov-21,Urban,NJ,East,"15,54,500",Frame,Farming,N,N
100959,05-Nov-21,Urban,NJ,East,"11,15,870",Frame,Farming,Y,N
100261,06-Nov-21,Urban,NY,East,"1,56,25,000",Frame,Office Bldg,Y,Y
100961,06-Nov-21,Urban,IL,Midwest,"7,87,500",Frame,Apartment,N,N
100962,07-Nov-21,Urban,NY,East,"1,57,50,000",Masonry,Apartment,Y,Y
100966,07-Nov-21,Urban,OH,Central,"3,20,000",Masonry,Retail,N,N
100969,09-Nov-21,Rural,WI,Midwest,"26,11,400",Frame,Farming,N,N
100972,09-Nov-21,Rural,NY,East,"23,98,000",Metal Clad,Farming,N,N
100974,10-Nov-21,Urban,NJ,East,"23,29,942",Frame,Farming,Y,N
100975,10-Nov-21,Urban,MN,Midwest,"13,05,100",Frame,Apartment,Y,Y
100977,10-Nov-21,Rural,NY,East,"49,81,500",Frame,Farming,N,N
100978,10-Nov-21,Urban,NY,East,"5,35,000",Fire Resist,Retail,N,N
100981,10-Nov-21,Urban,NY,East,"1,03,97,500",Frame,Apartment,Y,Y
100240,11-Nov-21,Urban,NJ,East,"20,03,000",Masonry,Apartment,Y,Y
100982,11-Nov-21,Urban,NY,East,"1,08,08,800",Frame,Office Bldg,Y,Y
100983,11-Nov-21,Urban,NY,East,"19,62,400",Frame,Apartment,N,N
100239,12-Nov-21,Urban,NJ,East,"24,23,500",Frame,Apartment,Y,Y
100985,12-Nov-21,Rural,NY,East,"30,67,800",Frame,Farming,N,N
100237,13-Nov-21,Urban,OH,Central,"12,02,090",Frame,Organization,N,N
100238,13-Nov-21,Urban,NJ,East,"30,62,000",Frame,Apartment,Y,Y
100986,13-Nov-21,Urban,NY,East,"28,15,900",Metal Clad,Manufacturing,N,N
100987,13-Nov-21,Urban,ME,Northeast,"7,90,000",Masonry,Apartment,N,N
100988,13-Nov-21,Urban,NJ,East,"19,75,000",Fire Resist,Hospitality,Y,Y
100260,14-Nov-21,Urban,WI,Midwest,"20,70,000",Masonry,Apartment,N,N
100302,14-Nov-21,Urban,NY,East,"8,47,300",Frame,Apartment,Y,Y
100274,15-Nov-21,Urban,NY,East,"20,29,750",Frame,Apartment,N,N
100209,16-Nov-21,Rural,NY,East,"26,36,313",Frame,Farming,N,N
100991,16-Nov-21,Urban,NY,East,"20,80,000",Masonry,Hospitality,Y,Y
100992,16-Nov-21,Urban,NJ,East,"2,05,000",Fire Resist,Retail,Y,Y
100993,16-Nov-21,Urban,NJ,East,"19,36,200",Frame,Farming,N,N
100994,17-Nov-21,Urban,WI,Midwest,"14,03,100",Frame,Medical,N,N
100259,18-Nov-21,Urban,MI,Central,"3,15,000",Frame,Apartment,N,N
100273,19-Nov-21,Urban,NY,East,"20,00,000",Masonry,Apartment,Y,Y
100996,19-Nov-21,Urban,NY,East,"99,00,000",Frame,Apartment,Y,Y
100998,19-Nov-21,Urban,MI,Central,"32,55,300",Frame,Hospitality,N,N
100999,19-Nov-21,Rural,NY,East,"44,77,175",Frame,Farming,Y,N
101000,19-Nov-21,Urban,NY,East,"23,95,000",Frame,Hospitality,N,Y
100257,20-Nov-21,Urban,NY,East,"55,50,000",Fire Resist,Apartment,Y,Y
100258,21-Nov-21,Urban,NY,East,"19,22,800",Metal Clad,Office Bldg,Y,Y
101003,21-Nov-21,Urban,NJ,East,"30,28,850",Frame,Farming,Y,N
101005,21-Nov-21,Rural,NY,East,"1,08,11,785",Metal Clad,Retail,N,N
100208,22-Nov-21,Urban,NY,East,"30,000",Fire Resist,Service,Y,Y
101008,22-Nov-21,Urban,NY,East,"1,57,00,000",Frame,Office Bldg,Y,Y
101009,22-Nov-21,Urban,WI,Midwest,"55,03,255",Masonry,Office Bldg,N,N
100307,23-Nov-21,Urban,WI,Midwest,"50,15,000",Masonry,Manufacturing,N,N
101011,23-Nov-21,Urban,MI,Central,"6,01,000",Frame,Other,N,N
101012,24-Nov-21,Urban,NJ,East,"15,63,500",Frame,Retail,Y,Y
100271,25-Nov-21,Rural,NY,East,"1,09,79,275",Frame,Farming,N,N
100301,25-Nov-21,Urban,NY,East,"61,98,000",Frame,Office Bldg,Y,Y
101016,25-Nov-21,Urban,WI,Midwest,"5,04,000",Frame,Apartment,N,N
101019,26-Nov-21,Urban,WI,Midwest,"22,11,300",Masonry,Service,Y,Y
100336,27-Nov-21,Rural,VT,Northeast,"60,00,902",Frame,Farming,Y,Y
101023,27-Nov-21,Urban,NY,East,"6,60,473",Frame,Apartment,N,N
101024,27-Nov-21,Urban,NJ,East,"49,78,985",Frame,Farming,Y,N
100206,28-Nov-21,Urban,NY,East,"52,13,100",Frame,Apartment,Y,Y
100286,28-Nov-21,Rural,NY,East,"23,36,132",Metal Clad,Farming,N,N
100324,28-Nov-21,Urban,NJ,East,"62,53,000",Frame,Apartment,Y,Y
100334,28-Nov-21,Urban,NY,East,"15,00,000",Fire Resist,Hospitality,Y,Y
100335,28-Nov-21,Rural,WI,Midwest,"29,84,500",Metal Clad,Farming,N,N
101025,28-Nov-21,Urban,WI,Midwest,"25,02,600",Masonry,Apartment,Y,Y
101029,28-Nov-21,Urban,NY,East,"81,15,500",Fire Resist,Apartment,Y,Y
101031,29-Nov-21,Rural,NY,East,"21,62,291",Frame,Farming,N,N
100205,30-Nov-21,Rural,WI,Midwest,"40,64,995",Masonry,Farming,N,N
100222,30-Nov-21,Rural,NY,East,"32,95,800",Frame,Farming,N,N
101034,30-Nov-21,Urban,NY,East,"97,10,700",Frame,Apartment,Y,Y
100221,01-Dec-21,Urban,NY,East,"23,50,000",Masonry,Apartment,Y,Y
100246,01-Dec-21,Urban,NJ,East,"18,07,440",Frame,Organization,Y,Y
100298,01-Dec-21,Urban,WI,Midwest,"31,75,400",Masonry,Office Bldg,Y,Y
101035,01-Dec-21,Urban,WI,Midwest,"37,41,300",Fire Resist,Apartment,Y,Y
100333,02-Dec-21,Rural,NY,East,"28,06,200",Frame,Farming,N,N
101036,02-Dec-21,Urban,VT,Northeast,"61,69,400",Frame,Apartment,Y,Y
101037,02-Dec-21,Urban,NY,East,"23,25,718",Metal Clad,Manufacturing,N,N
101039,03-Dec-21,Urban,NY,East,"2,45,000",Frame,Service,N,N
101042,03-Dec-21,Urban,WI,Midwest,"42,01,800",Frame,Farming,N,N
101043,04-Dec-21,Rural,WI,Midwest,"28,20,265",Frame,Farming,N,N
101044,04-Dec-21,Urban,NY,East,"1,22,20,000",Frame,Office Bldg,Y,Y
100219,05-Dec-21,Urban,NY,East,"11,44,300",Frame,Apartment,Y,Y
100220,05-Dec-21,Urban,NY,East,"45,30,000",Frame,Apartment,Y,Y
100235,05-Dec-21,Urban,ME,Northeast,"5,52,300",Frame,Apartment,N,N
100300,05-Dec-21,Urban,NY,East,"20,00,300",Masonry,Office Bldg,N,N
101046,05-Dec-21,Urban,NJ,East,"39,90,000",Frame,Apartment,Y,Y
100366,07-Dec-21,Urban,NJ,East,"58,50,000",Frame,Apartment,Y,Y
101052,07-Dec-21,Urban,NJ,East,"62,50,000",Frame,Apartment,Y,Y
101053,07-Dec-21,Urban,NH,Northeast,"13,27,600",Frame,Apartment,N,N
101054,07-Dec-21,Urban,NY,East,"15,10,000",Masonry,Hospitality,N,N
100234,08-Dec-21,Urban,NY,East,"38,71,000",Frame,Apartment,Y,Y
100269,09-Dec-21,Urban,NY,East,"5,13,300",Frame,Apartment,N,N
100317,09-Dec-21,Rural,NY,East,"29,43,800",Frame,Farming,N,N
100318,09-Dec-21,Urban,WI,Midwest,"39,52,500",Masonry,Manufacturing,Y,Y
100319,09-Dec-21,Urban,NY,East,"89,23,000",Frame,Apartment,Y,Y
101058,09-Dec-21,Urban,WI,Midwest,"29,00,000",Fire Resist,Apartment,Y,Y
101061,09-Dec-21,Urban,NY,East,"64,50,000",Frame,Office Bldg,Y,Y
100365,10-Dec-21,Urban,NY,East,"44,79,400",Frame,Apartment,N,N
100374,11-Dec-21,Urban,WI,Midwest,"20,30,600",Frame,Farming,N,N
101066,11-Dec-21,Rural,NY,East,"20,13,357",Frame,Farming,N,N
101067,11-Dec-21,Rural,NY,East,"40,17,155",Frame,Farming,N,N
101068,11-Dec-21,Urban,NY,East,"1,16,50,000",Frame,Office Bldg,Y,Y
100244,12-Dec-21,Urban,NY,East,"92,50,000",Frame,Apartment,Y,Y
101069,12-Dec-21,Rural,VT,Northeast,"21,98,800",Frame,Farming,N,N
101070,12-Dec-21,Rural,NY,East,"35,53,009",Frame,Farming,N,N
101071,12-Dec-21,Urban,WI,Midwest,"10,63,100",Masonry,Apartment,Y,Y
101073,13-Dec-21,Urban,NY,East,"28,54,500",Masonry,Apartment,Y,Y
101074,13-Dec-21,Urban,NJ,East,"33,56,200",Masonry,Construction,Y,Y
100364,14-Dec-21,Rural,NY,East,"18,82,600",Frame,Farming,N,N
101075,14-Dec-21,Rural,NY,East,"23,93,232",Frame,Farming,N,N
101076,14-Dec-21,Urban,NY,East,"1,46,78,200",Frame,Office Bldg,Y,Y
100218,17-Dec-21,Rural,NY,East,"50,17,360",Frame,Farming,N,N
101083,18-Dec-21,Urban,NY,East,"26,25,000",Frame,Apartment,Y,Y
101088,19-Dec-21,Urban,NY,East,"2,85,700",Frame,Office Bldg,N,N
101089,19-Dec-21,Urban,NY,East,"2,75,000",Fire Resist,Retail,Y,N
101090,19-Dec-21,Urban,NY,East,"1,03,96,250",Frame,Office Bldg,Y,Y
101091,19-Dec-21,Urban,NY,East,"2,72,08,210",Fire Resist,Apartment,Y,Y
101092,19-Dec-21,Urban,WI,Midwest,"17,40,000",Masonry,Office Bldg,N,N
101093,19-Dec-21,Rural,WI,Midwest,"24,64,755",Metal Clad,Farming,N,N
100347,20-Dec-21,Urban,NY,East,"5,35,000",Frame,Office Bldg,N,N
101094,20-Dec-21,Urban,NJ,East,"28,37,500",Frame,Manufacturing,Y,Y
100204,21-Dec-21,Urban,WI,Midwest,"14,00,000",Masonry,Organization,N,N
100344,21-Dec-21,Urban,WI,Midwest,"17,11,268",Frame,Manufacturing,N,N
100346,21-Dec-21,Urban,NY,East,"17,80,000",Masonry,Hospitality,Y,Y
100391,21-Dec-21,Urban,NY,East,"1,07,46,600",Frame,Apartment,Y,Y
101096,21-Dec-21,Urban,NY,East,"6,45,000",Fire Resist,Retail,N,N
100203,22-Dec-21,Rural,NY,East,"37,24,339",Frame,Farming,N,N
100231,22-Dec-21,Urban,NY,East,"1,24,93,000",Frame,Apartment,Y,Y
101098,22-Dec-21,Urban,WI,Midwest,"5,39,040",Frame,Retail,N,N
101100,22-Dec-21,Urban,NY,East,"21,59,000",Frame,Retail,N,N
100202,23-Dec-21,Urban,NJ,East,"37,50,000",Frame,Apartment,Y,Y
100217,23-Dec-21,Rural,NY,East,"1,00,000",Metal Clad,Farming,N,N
101102,23-Dec-21,Rural,NY,East,"11,21,600",Metal Clad,Farming,N,N
100305,24-Dec-21,Urban,NY,East,"90,00,000",Fire Resist,Apartment,Y,Y
101104,24-Dec-21,Urban,NY,East,"2,92,200",Frame,Apartment,Y,Y
101105,24-Dec-21,Urban,NH,Northeast,"3,45,000",Metal Clad,Retail,N,N
100201,25-Dec-21,Urban,NY,East,"1,15,75,700",Frame,Apartment,Y,Y
100230,25-Dec-21,Urban,OH,Central,"6,08,500",Frame,Apartment,N,N
100295,25-Dec-21,Urban,NJ,East,"51,14,500",Frame,Office Bldg,Y,Y
100360,25-Dec-21,Urban,WI,Midwest,"48,22,450",Masonry,Office Bldg,Y,Y
100361,25-Dec-21,Urban,NY,East,"11,25,600",Masonry,Apartment,N,N
101107,25-Dec-21,Urban,NY,East,"93,77,600",Frame,Apartment,Y,Y
101109,25-Dec-21,Rural,NY,East,"39,20,500",Frame,Farming,N,N
100229,26-Dec-21,Urban,NH,Northeast,"6,26,000",Masonry,Office Bldg,N,N
100282,26-Dec-21,Rural,WI,Midwest,"41,32,600",Frame,Farming,N,N
101111,26-Dec-21,Rural,NY,East,"62,35,057",Frame,Farming,N,N
100400,27-Dec-21,Rural,VT,Northeast,"19,60,000",Frame,Farming,N,N
101113,27-Dec-21,Rural,NY,East,"25,00,000",Metal Clad,Farming,N,N
101114,27-Dec-21,Urban,IL,Midwest,"38,83,300",Metal Clad,Farming,N,N
100200,28-Dec-21,Urban,NY,East,"14,25,000",Masonry,Apartment,N,N
100330,28-Dec-21,Urban,NY,East,"15,45,100",Frame,Office Bldg,Y,Y
101115,28-Dec-21,Urban,WI,Midwest,"16,65,100",Frame,Apartment,N,N
101116,29-Dec-21,Urban,NY,East,"82,45,000",Frame,Apartment,Y,Y
100216,30-Dec-21,Urban,NJ,East,"24,32,600",Frame,Retail,Y,Y
100389,30-Dec-21,Urban,NY,East,"14,80,000",Fire Resist,Hospitality,Y,Y
101117,30-Dec-21,Urban,NY,East,"90,50,000",Frame,Apartment,Y,Y
101120,30-Dec-21,Rural,NY,East,"14,80,755",Frame,Farming,N,N
101121,31-Dec-21,Urban,VT,Northeast,"41,01,750",Fire Resist,Office Bldg,Y,Y
101122,31-Dec-21,Urban,OH,Central,"17,39,100",Frame,Apartment,N,N
101123,31-Dec-21,Urban,NY,East,"22,50,000",Frame,Office Bldg,Y,Y
101125,31-Dec-21,Urban,NY,East,"1,64,82,200",Frame,Office Bldg,Y,Y
101126,31-Dec-21,Urban,WI,Midwest,"17,76,800",Frame,Farming,N,N
